,TioflavinaT_01,TioflavinaT_02,TioflavinaT_03,TioflavinaT_05,TioflavinaT_07,TioflavinaT_08,TioflavinaT_09,TioflavinaT_10,TioflavinaT_12,TioflavinaT_13,TioflavinaT_14,TioflavinaT_15,TioflavinaT_16,TioflavinaT_17,TioflavinaT_18,TioflavinaT_19,TioflavinaT_20,TioflavinaT_27,TioflavinaT_39
ASN65,0,0,0,0,0,0,0,0,0,0,0,1,1,1,1,1,1,0,1
GLN99,0,0,0,0,0,0,0,0,0,0,0,0,0,0,0,0,1,0,1
GLY101,0,0,0,0,0,0,0,0,0,0,0,1,1,1,1,1,1,0,1
LEU100,0,0,0,0,0,0,0,0,0,0,0,0,0,0,0,1,1,0,1
LYS102,0,0,0,0,0,0,0,0,0,0,0,1,1,1,1,1,1,0,1
LYS34,1,1,1,1,1,1,1,1,1,1,1,0,0,0,0,0,0,1,0
THR64,0,0,0,0,0,0,0,0,0,0,0,1,1,1,1,1,1,0,1
TYR39,1,1,1,1,1,1,1,1,1,1,1,0,0,0,0,0,0,1,0
VAL37,1,1,1,1,1,1,1,1,1,1,1,0,0,0,0,0,0,1,0
VAL70,0,0,0,0,0,0,0,0,0,0,0,0,0,0,0,0,0,0,1
