,TioflavinaT_01,TioflavinaT_02,TioflavinaT_04,TioflavinaT_05,TioflavinaT_09,TioflavinaT_10,TioflavinaT_11,TioflavinaT_12,TioflavinaT_16,TioflavinaT_17,TioflavinaT_19,TioflavinaT_20
GLN79,1,0,0,0,0,0,0,0,0,0,0,0
GLY41,0,1,1,1,1,1,1,1,1,1,1,1
GLY86,1,0,0,0,0,0,0,0,0,0,0,0
ILE88,1,0,0,0,0,0,0,0,0,0,0,0
LYS43,0,1,1,1,1,1,1,1,1,1,1,1
LYS80,1,0,0,0,0,0,0,0,0,0,0,0
SER42,0,1,1,1,1,1,1,1,1,1,1,1
SER87,1,0,0,0,0,0,0,0,0,0,0,0
TYR39,0,1,1,1,1,1,1,1,1,1,1,1
VAL40,0,0,0,0,0,0,0,0,0,0,0,1
VAL82,1,0,0,0,0,0,0,0,0,0,0,0
