,Araquidonico_01,Araquidonico_02,Araquidonico_03,Araquidonico_04,Araquidonico_05,Araquidonico_06,Araquidonico_07,Araquidonico_08,Araquidonico_09,Araquidonico_10,Araquidonico_11,Araquidonico_12,Araquidonico_13,Araquidonico_14,Araquidonico_15,Araquidonico_16,Araquidonico_17,Araquidonico_18,Araquidonico_19,Araquidonico_20,Araquidonico_21,Araquidonico_22,Araquidonico_23,Araquidonico_25,Araquidonico_26,Araquidonico_27,Araquidonico_28,Araquidonico_29,Araquidonico_30,Araquidonico_31,Araquidonico_32,Araquidonico_33,Araquidonico_34,Araquidonico_35,Araquidonico_36,Araquidonico_37,Araquidonico_38,Araquidonico_39,Araquidonico_40
ASN65,0,0,0,0,0,0,0,0,0,0,0,0,0,1,0,0,0,0,0,1,0,0,0,0,0,0,0,0,0,0,0,0,0,0,0,0,0,0,0
ASP98,0,0,0,0,0,0,1,0,0,1,0,0,0,1,1,1,1,1,1,1,0,0,0,0,0,0,1,0,0,0,0,0,0,0,1,0,0,0,0
GLN62,1,1,1,1,1,1,0,1,0,0,1,1,1,0,0,0,0,0,0,0,1,1,1,1,1,1,0,1,1,1,1,1,1,1,0,1,0,1,1
GLY51,1,1,1,0,0,1,0,0,0,0,1,1,1,0,0,0,0,0,0,0,1,1,1,1,1,1,0,1,1,1,1,1,1,1,0,1,0,0,0
GLY67,0,0,0,0,0,0,0,0,0,0,0,0,0,1,0,0,0,0,0,1,0,0,0,0,0,0,0,0,0,0,0,0,0,0,0,0,0,0,0
HIS50,1,1,1,1,1,1,0,1,1,0,1,1,1,0,0,0,0,0,0,0,1,1,1,1,1,1,0,1,1,1,1,1,1,1,0,1,1,0,0
LEU100,0,0,0,0,0,0,1,0,0,1,0,0,0,0,1,1,1,1,1,1,0,0,0,0,0,0,1,0,0,0,0,0,0,0,1,0,0,0,0
LYS43,0,0,0,0,0,0,0,0,0,0,0,0,0,0,0,0,0,0,0,0,0,0,0,0,0,0,0,0,0,0,0,0,0,0,0,0,0,1,0
LYS45,1,1,1,1,1,1,0,1,0,0,1,1,1,0,0,0,0,0,0,0,1,1,1,1,1,1,0,1,1,1,1,1,1,1,0,1,0,1,1
LYS60,1,1,1,1,1,1,0,1,0,0,1,1,1,0,0,0,0,0,0,0,1,1,1,1,1,1,0,1,1,1,1,1,1,1,0,1,0,0,1
LYS96,0,0,0,0,0,0,1,0,0,1,0,0,0,1,1,1,1,1,1,1,0,0,0,0,0,0,1,0,0,0,0,0,0,0,1,0,0,0,0
LYS97,0,0,0,0,0,0,0,0,0,1,0,0,0,0,0,0,0,0,0,0,0,0,0,0,0,0,1,0,0,0,0,0,0,0,1,0,0,0,0
THR64,1,1,1,1,1,1,0,1,0,0,1,1,1,0,0,0,0,0,0,0,1,1,1,1,1,1,0,1,1,1,1,1,1,1,0,1,0,1,1
THR72,0,0,0,0,0,0,1,0,0,1,0,0,0,1,1,1,1,1,1,1,0,0,0,0,0,0,1,0,0,0,0,0,0,0,1,0,0,0,0
VAL48,0,0,0,0,0,0,0,0,1,0,0,0,0,0,0,0,0,0,0,0,0,0,0,0,0,0,0,0,0,0,0,0,0,0,0,0,1,0,0
VAL49,1,1,1,1,1,1,0,1,1,0,1,1,1,0,0,0,0,0,0,0,1,1,1,1,1,1,0,1,1,1,1,1,1,1,0,1,1,1,1
VAL66,1,1,1,1,1,1,0,1,0,0,1,1,1,0,0,0,0,0,0,1,0,1,1,1,1,1,0,1,1,1,1,0,1,1,0,0,0,1,1
VAL70,0,0,0,0,0,0,1,0,0,1,0,0,0,1,1,1,1,1,1,1,0,0,0,0,0,0,1,0,0,0,0,0,0,0,1,0,0,0,0
Sitio de uni√≥n,Tunel1,Tunel1,Tunel1,Tunel1,Tunel1,Tunel1,Surco1,Tunel1,Surco2,Surco1,Tunel1,Tunel1,Tunel1,Surco1,Surco1,Surco1,Surco1,Surco1,Surco1,Surco1,Tunel1,Tunel1,Tunel1,Tunel1,Tunel1,Tunel1,Surco1,Tunel1,Tunel1,Tunel1,Tunel1,Tunel1,Tunel1,Tunel1,Surco1,Tunel1,Surco2,Tunel1,Tunel1
