,Ligando: lig_0C_tioT_out_0001,Ligando: lig_0C_tioT_out_0003,Ligando: lig_0C_tioT_out_0004,Ligando: lig_0C_tioT_out_0005,Ligando: lig_0C_tioT_out_0006,Ligando: lig_0C_tioT_out_0007,Ligando: lig_0C_tioT_out_0008,Ligando: lig_0C_tioT_out_0009,Ligando: lig_0C_tioT_out_0010,Ligando: lig_0C_tioT_out_0011,Ligando: lig_0C_tioT_out_0014,Ligando: lig_0C_tioT_out_0015,Ligando: lig_0C_tioT_out_0016,Ligando: lig_0C_tioT_out_0017,Ligando: lig_0C_tioT_out_0018,Ligando: lig_0C_tioT_out_0019,Ligando: lig_1S_palmitico_out_0001,Ligando: lig_1S_palmitico_out_0002,Ligando: lig_1S_palmitico_out_0003,Ligando: lig_1S_palmitico_out_0004,Ligando: lig_1S_palmitico_out_0005,Ligando: lig_1S_palmitico_out_0006,Ligando: lig_1S_palmitico_out_0007,Ligando: lig_1S_palmitico_out_0008,Ligando: lig_1S_palmitico_out_0009,Ligando: lig_1S_palmitico_out_0010,Ligando: lig_1S_palmitico_out_0011,Ligando: lig_1S_palmitico_out_0012,Ligando: lig_1S_palmitico_out_0013,Ligando: lig_1S_palmitico_out_0014,Ligando: lig_1S_palmitico_out_0015,Ligando: lig_1S_palmitico_out_0016,Ligando: lig_1S_palmitico_out_0017,Ligando: lig_1S_palmitico_out_0018,Ligando: lig_1S_palmitico_out_0019,Ligando: lig_1S_palmitico_out_0020,Ligando: lig_2M_oleico_out_0001,Ligando: lig_2M_oleico_out_0002,Ligando: lig_2M_oleico_out_0003,Ligando: lig_2M_oleico_out_0004,Ligando: lig_2M_oleico_out_0005,Ligando: lig_2M_oleico_out_0006,Ligando: lig_2M_oleico_out_0007,Ligando: lig_2M_oleico_out_0008,Ligando: lig_2M_oleico_out_0009,Ligando: lig_2M_oleico_out_0010,Ligando: lig_2M_oleico_out_0011,Ligando: lig_2M_oleico_out_0012,Ligando: lig_2M_oleico_out_0013,Ligando: lig_2M_oleico_out_0014,Ligando: lig_2M_oleico_out_0015,Ligando: lig_2M_oleico_out_0016,Ligando: lig_2M_oleico_out_0017,Ligando: lig_2M_oleico_out_0018,Ligando: lig_2M_oleico_out_0019,Ligando: lig_2M_oleico_out_0020,Ligando: lig_3P_araquidonico_out_0001,Ligando: lig_3P_araquidonico_out_0002,Ligando: lig_3P_araquidonico_out_0003,Ligando: lig_3P_araquidonico_out_0004,Ligando: lig_3P_araquidonico_out_0005,Ligando: lig_3P_araquidonico_out_0006,Ligando: lig_3P_araquidonico_out_0007,Ligando: lig_3P_araquidonico_out_0008,Ligando: lig_3P_araquidonico_out_0009,Ligando: lig_3P_araquidonico_out_0010,Ligando: lig_3P_araquidonico_out_0011,Ligando: lig_3P_araquidonico_out_0012,Ligando: lig_3P_araquidonico_out_0013,Ligando: lig_3P_araquidonico_out_0014,Ligando: lig_3P_araquidonico_out_0015,Ligando: lig_3P_araquidonico_out_0016,Ligando: lig_3P_araquidonico_out_0017,Ligando: lig_3P_araquidonico_out_0018,Ligando: lig_3P_araquidonico_out_0019,Ligando: lig_3P_araquidonico_out_0020,Ligando: lig_3P_doco_out_0001,Ligando: lig_3P_doco_out_0002,Ligando: lig_3P_doco_out_0003,Ligando: lig_3P_doco_out_0004,Ligando: lig_3P_doco_out_0005,Ligando: lig_3P_doco_out_0006,Ligando: lig_3P_doco_out_0007,Ligando: lig_3P_doco_out_0008,Ligando: lig_3P_doco_out_0009,Ligando: lig_3P_doco_out_0010,Ligando: lig_3P_doco_out_0011,Ligando: lig_3P_doco_out_0012,Ligando: lig_3P_doco_out_0013,Ligando: lig_3P_doco_out_0014,Ligando: lig_3P_doco_out_0015,Ligando: lig_3P_doco_out_0016,Ligando: lig_3P_doco_out_0017,Ligando: lig_3P_doco_out_0018,Ligando: lig_3P_doco_out_0019,Ligando: lig_3P_doco_out_0020,Ligando: lig_0C_tioT_out_C9_2_0002,Ligando: lig_0C_tioT_out_C9_2_0006,Ligando: lig_0C_tioT_out_C9_2_0007,Ligando: lig_0C_tioT_out_C9_2_0009,Ligando: lig_0C_tioT_out_C9_2_0015,Ligando: lig_1S_palmitico_out_C9_2_0001,Ligando: lig_1S_palmitico_out_C9_2_0002,Ligando: lig_1S_palmitico_out_C9_2_0003,Ligando: lig_1S_palmitico_out_C9_2_0004,Ligando: lig_1S_palmitico_out_C9_2_0005,Ligando: lig_1S_palmitico_out_C9_2_0006,Ligando: lig_1S_palmitico_out_C9_2_0007,Ligando: lig_1S_palmitico_out_C9_2_0008,Ligando: lig_1S_palmitico_out_C9_2_0009,Ligando: lig_1S_palmitico_out_C9_2_0010,Ligando: lig_1S_palmitico_out_C9_2_0011,Ligando: lig_1S_palmitico_out_C9_2_0012,Ligando: lig_1S_palmitico_out_C9_2_0013,Ligando: lig_1S_palmitico_out_C9_2_0014,Ligando: lig_1S_palmitico_out_C9_2_0015,Ligando: lig_1S_palmitico_out_C9_2_0016,Ligando: lig_1S_palmitico_out_C9_2_0017,Ligando: lig_1S_palmitico_out_C9_2_0018,Ligando: lig_1S_palmitico_out_C9_2_0019,Ligando: lig_1S_palmitico_out_C9_2_0020,Ligando: lig_2M_oleico_out_C9_2_0001,Ligando: lig_2M_oleico_out_C9_2_0002,Ligando: lig_2M_oleico_out_C9_2_0003,Ligando: lig_2M_oleico_out_C9_2_0004,Ligando: lig_2M_oleico_out_C9_2_0005,Ligando: lig_2M_oleico_out_C9_2_0006,Ligando: lig_2M_oleico_out_C9_2_0007,Ligando: lig_2M_oleico_out_C9_2_0008,Ligando: lig_2M_oleico_out_C9_2_0009,Ligando: lig_2M_oleico_out_C9_2_0010,Ligando: lig_2M_oleico_out_C9_2_0011,Ligando: lig_2M_oleico_out_C9_2_0012,Ligando: lig_2M_oleico_out_C9_2_0013,Ligando: lig_2M_oleico_out_C9_2_0014,Ligando: lig_2M_oleico_out_C9_2_0015,Ligando: lig_2M_oleico_out_C9_2_0016,Ligando: lig_2M_oleico_out_C9_2_0017,Ligando: lig_2M_oleico_out_C9_2_0018,Ligando: lig_2M_oleico_out_C9_2_0019,Ligando: lig_2M_oleico_out_C9_2_0020,Ligando: lig_3P_araquidonico_out_C9_2_0001,Ligando: lig_3P_araquidonico_out_C9_2_0002,Ligando: lig_3P_araquidonico_out_C9_2_0003,Ligando: lig_3P_araquidonico_out_C9_2_0005,Ligando: lig_3P_araquidonico_out_C9_2_0006,Ligando: lig_3P_araquidonico_out_C9_2_0007,Ligando: lig_3P_araquidonico_out_C9_2_0008,Ligando: lig_3P_araquidonico_out_C9_2_0009,Ligando: lig_3P_araquidonico_out_C9_2_0010,Ligando: lig_3P_araquidonico_out_C9_2_0011,Ligando: lig_3P_araquidonico_out_C9_2_0012,Ligando: lig_3P_araquidonico_out_C9_2_0013,Ligando: lig_3P_araquidonico_out_C9_2_0014,Ligando: lig_3P_araquidonico_out_C9_2_0015,Ligando: lig_3P_araquidonico_out_C9_2_0016,Ligando: lig_3P_araquidonico_out_C9_2_0017,Ligando: lig_3P_araquidonico_out_C9_2_0018,Ligando: lig_3P_araquidonico_out_C9_2_0019,Ligando: lig_3P_araquidonico_out_C9_2_0020,Ligando: lig_3P_doco_out_C9_2_0001,Ligando: lig_3P_doco_out_C9_2_0002,Ligando: lig_3P_doco_out_C9_2_0003,Ligando: lig_3P_doco_out_C9_2_0004,Ligando: lig_3P_doco_out_C9_2_0005,Ligando: lig_3P_doco_out_C9_2_0006,Ligando: lig_3P_doco_out_C9_2_0007,Ligando: lig_3P_doco_out_C9_2_0008,Ligando: lig_3P_doco_out_C9_2_0009,Ligando: lig_3P_doco_out_C9_2_0010,Ligando: lig_3P_doco_out_C9_2_0011,Ligando: lig_3P_doco_out_C9_2_0012,Ligando: lig_3P_doco_out_C9_2_0013,Ligando: lig_3P_doco_out_C9_2_0014,Ligando: lig_3P_doco_out_C9_2_0015,Ligando: lig_3P_doco_out_C9_2_0016,Ligando: lig_3P_doco_out_C9_2_0017,Ligando: lig_3P_doco_out_C9_2_0018,Ligando: lig_3P_doco_out_C9_2_0019,Ligando: lig_3P_doco_out_C9_2_0020
ALA76,,,,,,,,,,,,,,,,,,ALA76,,,,,,,,,,,,,,,,,,,,,,,,,,,,,,,,,,,,,,,,,,,,,,,,,,,,,,,,,,,,,,,,,,,,,,,,,,,,,,,,,,,,,,,,,,,,,,,,,,,,,,,,,,,,,,,,,,,,,,,,,,,,,,,,,,,,,,,,,,,,,,,,,,,,,,,,,,,,,,,,,,
ALA85,,,,,,,,,,,,,,,,,,,,,,,,,,,,,,,,,,,,,,,,,,,,,,,,,,,,,,,,,,,,,,,,,,,,,,,,,,,,,,,,,,,,,,,,,,,,,,,,ALA85,,,,,,,,,,,,,,,,,,,,,,,,,,,,,,,,,,,,,,,,,,,,,,,,,,,,,,,,,,,,,,,,,,,,,,,,,,,,,,,,,,,,
ALA91,,,,,,,,,,,,,,,,,,,,,,,,,,,,,,,,,,,,,,,,,,,,,,,,,,,,,,,,,,,,,,,,,,,,,,,,,,,,,,,,,,,,,,,,,,,,,,,,ALA91,,,,,,,,,,,,,,,,,,,,,,,,,,,,,,,,,,,,,,,,,,,,,,,,,,,,,,,,,,,,,,,,,,,,,,,,,,,,,,,,,,,,
ASN65,,,,,,,,,,,,,,,,,,,,,,,,ASN65,,,,,,,,,,,,,,,,,,,,,,,,,,,ASN65,,,,,ASN65,,,,,,,,,,,,,,ASN65,,,,,,ASN65,,,,ASN65,,,,,ASN65,,,,ASN65,ASN65,,ASN65,ASN65,ASN65,ASN65,,,,,,,,,,,,,,,,,,,ASN65,,ASN65,,,,,,,,,,,,,,,,,ASN65,,,,,,,,,,,,,,,,,,,,,,,,,,,,,,ASN65,,ASN65,,,,ASN65,ASN65,,ASN65,ASN65,,ASN65,,ASN65,ASN65,,
ASP98,ASP98,ASP98,ASP98,ASP98,ASP98,,ASP98,ASP98,ASP98,ASP98,,ASP98,,ASP98,,,,,ASP98,,,,,ASP98,,,ASP98,,,,,ASP98,,,ASP98,ASP98,,,,,,,,ASP98,,,,,,ASP98,ASP98,,,,,ASP98,,,,,,,ASP98,,,ASP98,,,,ASP98,ASP98,ASP98,ASP98,ASP98,ASP98,ASP98,,,,ASP98,,,ASP98,,ASP98,ASP98,,ASP98,ASP98,ASP98,,ASP98,ASP98,ASP98,ASP98,,ASP98,ASP98,ASP98,ASP98,ASP98,,,,,,,,,,ASP98,ASP98,ASP98,ASP98,,ASP98,,ASP98,ASP98,,ASP98,,,,,,,,,,,ASP98,ASP98,,,,,,,,,,,,,,,ASP98,,,,,,,,ASP98,,,,,,ASP98,ASP98,ASP98,ASP98,,,,ASP98,ASP98,ASP98,ASP98,ASP98,,ASP98,ASP98,ASP98,ASP98,ASP98,ASP98
GLN62,,,,,,,,,,,GLN62,,GLN62,,GLN62,GLN62,GLN62,,,GLN62,GLN62,GLN62,GLN62,,GLN62,GLN62,,GLN62,,GLN62,GLN62,,,GLN62,,,GLN62,GLN62,GLN62,GLN62,GLN62,GLN62,GLN62,,GLN62,GLN62,GLN62,GLN62,GLN62,,,GLN62,GLN62,GLN62,GLN62,,GLN62,GLN62,GLN62,GLN62,GLN62,GLN62,,GLN62,,,GLN62,GLN62,GLN62,,,,,,,,GLN62,GLN62,GLN62,,GLN62,GLN62,,,,,GLN62,,,,GLN62,,,,,,,,,,,GLN62,GLN62,GLN62,GLN62,GLN62,GLN62,GLN62,GLN62,GLN62,,,,,GLN62,,GLN62,,,GLN62,,GLN62,GLN62,GLN62,GLN62,GLN62,GLN62,GLN62,GLN62,GLN62,GLN62,,,,GLN62,GLN62,GLN62,GLN62,GLN62,GLN62,,GLN62,GLN62,GLN62,GLN62,GLN62,GLN62,,GLN62,GLN62,GLN62,GLN62,GLN62,GLN62,GLN62,,GLN62,,GLN62,GLN62,GLN62,,,,,GLN62,GLN62,GLN62,,,,,,GLN62,,,,,,
GLN99,,,,,,,GLN99,GLN99,,GLN99,,,,,,,,,GLN99,,,,,,,,GLN99,,,,,GLN99,,,,GLN99,,,,,,,,,,,,,,,,,,,,,,,,,,,,,,,,,,,,,,,,,,,,,,,,,,,,,,,,,,,,,,,,GLN99,,,,,,,,,,,,GLN99,,,,,,,,,,,,,,,,,,,,,,,,,,,,,,,,,,,,,,,,,,,,,,,,,,,,,,,,,,,,,,,,,,,,
GLU46,,,,,,,,,,,,,,,,,,,,,,,,,,,,,,,,,GLU46,,,,,,,,,,,,,,,,,,,,,,,,,,,,,,,,,,,,,,,,,,,,,,,,,,,,,,,,,,,,,,,,,,,,,,,,,,,,,,,,,,,,,,,,,,,,,,,,,,,,,,,,,,,,,,,,,,,,,,,,,,,,,,,,,,,,,,,,,,,,,,,,,,,
GLY51,,,,,,,,,,,,,,,,,GLY51,,,GLY51,,GLY51,,,GLY51,GLY51,,,,GLY51,,,,,,,GLY51,GLY51,GLY51,GLY51,GLY51,GLY51,GLY51,,,GLY51,GLY51,GLY51,,,,,GLY51,,,,GLY51,GLY51,GLY51,,,GLY51,,,,,GLY51,GLY51,GLY51,,,,,,,,GLY51,,GLY51,,GLY51,,,,,,GLY51,,,,GLY51,,,,,,,,,,,GLY51,GLY51,GLY51,,GLY51,,GLY51,,GLY51,,,,,,,GLY51,,,GLY51,,GLY51,GLY51,GLY51,GLY51,,GLY51,GLY51,GLY51,,GLY51,,,,,GLY51,GLY51,GLY51,GLY51,,,GLY51,GLY51,GLY51,GLY51,GLY51,GLY51,,GLY51,GLY51,GLY51,GLY51,GLY51,GLY51,GLY51,,GLY51,,,,GLY51,,,,,,GLY51,GLY51,,,,,,GLY51,,,,,,
GLY67,,,,,,,,,,,,,,,,,,,,,,,,,,,,,,,,,,,,,,,,,,,,,,,,,,,GLY67,,,,,,,,,,,,,,,,,,,GLY67,,,,,,GLY67,,,,GLY67,,,,,,,,,,GLY67,,GLY67,,,,,,,,,,,,,,,,,,,,,,GLY67,,GLY67,,,,,,,,,,,,,,,,,GLY67,,,,,,,,,,,,,,,,,,,,,,,,,,,,,,,,GLY67,,,,,,,GLY67,,,,,GLY67,,,
GLY68,,,,,,,,,,,,,,,,,,,,,,,,,,,,,,,,,,,,,,,,,,,,,,,,,,,GLY68,,,,,,,,,,,,,,,,,,,,,,,,,,,,,GLY68,,,,,,,,,,,,,,,,,,,,,,,,,,,,,,,,,,GLY68,,GLY68,,,,,,,,,,,,,,,,,GLY68,,,,,,,,,,,,,,,,,,,,,,,,,,,,,,,,,,,,,,,GLY68,,,,,,,,
GLY84,,,,,,,,,,,,,,,,,,,,,,,,,,,,,,,,,,,,,,,,,,,,,,,,,,,,,,,,,,,,,,,,,,,,,,,,,,,,,,,,,,,,,,,,,,,,,,,,GLY84,,,,,,,,,,,,,,,,,,,,,,,,,,,,,,,,,,,,,,,,,,,,,,,,,,,,,,,,,,,,,,,,,,,,,,,,,,,,,,,,,,,,
GLY93,,,,,,,,,,,,,,,,,,,,,,,,,,,,,,,,,,,,,,,,,,,,,,,,,,,,,,,,,,,,,,,,,,,,,,,,,,,,,,,,,,,,,,,,,,,,,,,,GLY93,,,,,,,,,,,,,,,,,,,,,,,,,,,,,,,,,,,,,,,,,,,,,,,,,,,,,,,,,,,,,,,,,,,,,,,,,,,,,,,,,,,,
HIS50,,,,,,HIS50,,,,,,,,,,,HIS50,,,HIS50,,HIS50,,,HIS50,HIS50,,HIS50,HIS50,HIS50,,,,,,,HIS50,HIS50,HIS50,HIS50,HIS50,HIS50,HIS50,,HIS50,HIS50,HIS50,HIS50,,,,,HIS50,,,,HIS50,HIS50,HIS50,HIS50,HIS50,HIS50,,HIS50,HIS50,,HIS50,HIS50,HIS50,,,,,,,,HIS50,,HIS50,,HIS50,HIS50,,HIS50,,,HIS50,,,,HIS50,,,,,,,,,,,HIS50,HIS50,HIS50,,HIS50,HIS50,HIS50,,HIS50,,,,,,,HIS50,,,HIS50,,HIS50,HIS50,HIS50,HIS50,,HIS50,HIS50,HIS50,HIS50,HIS50,,,HIS50,,HIS50,HIS50,HIS50,HIS50,,HIS50,HIS50,HIS50,HIS50,HIS50,HIS50,HIS50,,HIS50,HIS50,HIS50,HIS50,HIS50,HIS50,HIS50,,HIS50,HIS50,,,HIS50,,,,,HIS50,HIS50,HIS50,,,,,,HIS50,,,,,,
LEU100,LEU100,LEU100,LEU100,LEU100,,,,,LEU100,,,LEU100,,,,,,,,,,,,LEU100,,,,,,,,,,,LEU100,,,,,,,,,LEU100,,,,,,LEU100,,,,,,LEU100,,,,,,,LEU100,,,LEU100,,,,,LEU100,LEU100,LEU100,LEU100,LEU100,LEU100,,,,LEU100,,,LEU100,,LEU100,LEU100,,LEU100,LEU100,LEU100,,LEU100,LEU100,LEU100,LEU100,,LEU100,LEU100,LEU100,,LEU100,,,,,,,,,,LEU100,,LEU100,LEU100,,LEU100,,LEU100,LEU100,,LEU100,,,,,,,,,,,LEU100,LEU100,,,,,,,,,,,,,,,LEU100,,,,,,,,LEU100,,,,,,LEU100,LEU100,LEU100,LEU100,,,,LEU100,LEU100,LEU100,,LEU100,,LEU100,LEU100,LEU100,LEU100,LEU100,LEU100
LEU38,,,,,,,,,,,,,,,,,,LEU38,,,,,,,,,,,,,,,,,,,,,,,,,,,,,,,,,,,,,,,,,,,,,,,,,,,,,,,,,,,,,,,,,,,,,,,,,,,,,,,,,,,,,,,,,,,,,,,,,,,,,,,,,,,,,,,,,,,,,,,,,,,,,,,,,,,,,,,,,,,,,,,,,,,,,,,,,,,,,,,,,,
LYS102,,,,,,,,,,,,,,,,,,,,,,,,,,,,,,,,,,,,,,,,,,,,,,,,,,,,,,,,,,,,,,,,,,,,,,,,,,,,,,,,,,,LYS102,,,LYS102,,,,,,,,,,,,,,,,,,,,,,,,,,,,,,,,,,,,,,,,,,,,,,,,,,,,,,,,,,,,,,,,,,,,,,,,,,,,,,,,,,,,,,,,,,,,,,
LYS43,,,,,,,,,,,,,,,,,,,,,,,,,,,,,,,,,,,,,,,,,,,,,,,,,,,,LYS43,,,,,,,,,,,,,,,,,,,,,,,,,,,,,,,,,,,,,,,,,,,,,,,,,,,,,,,,,,,,,,,,,,,,,,,,,,,,,,,,,,,,,,,,,,,,,,,,,,,,,,,,,,,LYS43,,,,,,,LYS43,,,,,,,,,,,,,,
LYS45,,,,,,,,,,,LYS45,,LYS45,,LYS45,LYS45,LYS45,,,LYS45,LYS45,LYS45,LYS45,,LYS45,LYS45,,LYS45,,LYS45,LYS45,,LYS45,LYS45,,,LYS45,LYS45,LYS45,LYS45,LYS45,LYS45,LYS45,,LYS45,LYS45,LYS45,LYS45,LYS45,,,LYS45,LYS45,LYS45,LYS45,,LYS45,LYS45,LYS45,LYS45,LYS45,LYS45,,LYS45,,,LYS45,LYS45,LYS45,,,,,,,,LYS45,LYS45,LYS45,,LYS45,LYS45,,,,,LYS45,,,,LYS45,,,,,,,,,,,LYS45,LYS45,LYS45,LYS45,LYS45,LYS45,LYS45,LYS45,LYS45,,,,,LYS45,,LYS45,,,LYS45,,LYS45,LYS45,LYS45,LYS45,LYS45,LYS45,LYS45,LYS45,LYS45,LYS45,,,,LYS45,LYS45,LYS45,LYS45,LYS45,LYS45,,LYS45,LYS45,LYS45,LYS45,LYS45,LYS45,,LYS45,LYS45,LYS45,LYS45,LYS45,LYS45,LYS45,,LYS45,,LYS45,LYS45,LYS45,,,,,LYS45,LYS45,LYS45,,,,,,LYS45,,,,,,
LYS60,,,,,,,,,,,,,,,,,LYS60,,,LYS60,,LYS60,,,LYS60,LYS60,,LYS60,,LYS60,,,,,,,LYS60,LYS60,LYS60,LYS60,LYS60,LYS60,LYS60,,LYS60,LYS60,LYS60,LYS60,,,,,LYS60,,,,LYS60,LYS60,LYS60,LYS60,LYS60,LYS60,,LYS60,,,LYS60,LYS60,LYS60,,,,,,,,LYS60,,LYS60,,LYS60,LYS60,,,,,LYS60,,,,LYS60,,,,,,,,,,,LYS60,LYS60,LYS60,,LYS60,LYS60,LYS60,,LYS60,,,,,,,LYS60,,,LYS60,,LYS60,LYS60,LYS60,LYS60,,LYS60,LYS60,LYS60,LYS60,LYS60,,,,,LYS60,LYS60,LYS60,LYS60,,,LYS60,LYS60,LYS60,LYS60,LYS60,LYS60,,LYS60,LYS60,LYS60,LYS60,LYS60,LYS60,LYS60,,LYS60,,,LYS60,LYS60,,,,,LYS60,LYS60,LYS60,,,,,,LYS60,,,,,,
LYS96,LYS96,LYS96,LYS96,LYS96,LYS96,,,,LYS96,,,LYS96,,LYS96,,,,,,,,,,LYS96,,,,,,,,,,,LYS96,,,,,,,,,LYS96,,,,,,LYS96,LYS96,,,,,LYS96,,,,,,,LYS96,,,LYS96,,,,LYS96,LYS96,LYS96,LYS96,LYS96,LYS96,LYS96,,,,LYS96,,,LYS96,,LYS96,LYS96,,LYS96,LYS96,LYS96,,LYS96,LYS96,LYS96,LYS96,,LYS96,LYS96,LYS96,,LYS96,,,,,,,,,,LYS96,,LYS96,LYS96,,LYS96,,LYS96,LYS96,,LYS96,,,,,,,,,,,LYS96,LYS96,,,,,,,,,,,,,,,LYS96,,,,,,,,LYS96,,,,,,LYS96,LYS96,LYS96,LYS96,,,,LYS96,LYS96,LYS96,LYS96,LYS96,,LYS96,LYS96,LYS96,LYS96,LYS96,LYS96
LYS97,,,,,,,LYS97,LYS97,LYS97,LYS97,,LYS97,,LYS97,,,,,LYS97,,,,,,,,LYS97,,,,,LYS97,,,,LYS97,,,,,,,,,,,,,,LYS97,,,,,,,,,,,,,,,,LYS97,,,,,,,,,,,,,,,,,,,,,,LYS97,LYS97,,,,,,,,,,,LYS97,LYS97,,,,,,,,,,,LYS97,,,,,,,LYS97,,LYS97,,,,,,,,,,,LYS97,,,,,,,,,,,,,,,,LYS97,,,,,,,,LYS97,,,,,,LYS97,,LYS97,,,,,,,,,,,,,,,LYS97,
PHE94,,,,,,,,,,,,,,,,,,,,,,,,,,,,,,,,,,,,,,,,,,,,,,,,,,,,,,,,,,,,,,,,,,,,,,,,,,,,,,,,,,,,,,,,,,,,,,,,PHE94,,,,,,,,,,,,,,,,,,,,,,,,,,,,,,,,,,,,,,,,,,,,,,,,,,,,,,,,,,,,,,,,,,,,,,,,,,,,,,,,,,,,
THR44,,,,,,,,,,,,,,,,,,,,,,,,,,,,,,,,,THR44,,,,,,,,,,,,,,,,,,,,,,,,,,,,,,,,,,,,,,,,,,,,,,,,,,,,,,,,,,,,,,,,,,,,,,,,,,,,,,,,,,,,,,,,,,,,,,,,,,,,,,,,,,,,,,,,,,,,,,,,,,,,,,,,,,,,,,,,,,,,,,,,,,,
THR64,,,,,,,,,,,THR64,,THR64,,THR64,THR64,THR64,,,THR64,THR64,THR64,THR64,,THR64,THR64,,THR64,,THR64,THR64,,,THR64,,,THR64,THR64,,THR64,THR64,THR64,THR64,,THR64,THR64,THR64,,THR64,,,THR64,THR64,THR64,THR64,,THR64,THR64,THR64,THR64,THR64,THR64,,THR64,,,THR64,THR64,THR64,,,,,,,,THR64,THR64,THR64,,THR64,THR64,,,,,THR64,,,,THR64,,,,,,,,,,,THR64,,,THR64,THR64,THR64,THR64,THR64,THR64,,,,,THR64,,THR64,,,THR64,,,THR64,THR64,THR64,THR64,THR64,THR64,THR64,THR64,THR64,,,,THR64,THR64,THR64,THR64,THR64,THR64,,THR64,THR64,THR64,THR64,THR64,THR64,,THR64,THR64,THR64,THR64,THR64,THR64,THR64,,THR64,,THR64,THR64,THR64,,,,,THR64,THR64,THR64,,,,,,,,,,,,
THR72,THR72,THR72,THR72,THR72,THR72,,,,THR72,,,THR72,,THR72,,,,,,,,,,THR72,,,,,,,,,,,THR72,,,,,,,,,THR72,,,,,,THR72,THR72,,,,,THR72,,,,,,,THR72,,,THR72,,,,THR72,THR72,THR72,THR72,THR72,THR72,THR72,,,,THR72,,,THR72,,THR72,THR72,,THR72,THR72,THR72,,THR72,THR72,THR72,THR72,,THR72,THR72,THR72,,THR72,,,,,,,,,,THR72,,THR72,THR72,,THR72,,THR72,THR72,,THR72,,,,,,,,,,,THR72,THR72,,,,,,,,,,,,,,,THR72,,,,,,,,THR72,,,,,,THR72,THR72,THR72,THR72,,,,THR72,THR72,THR72,THR72,THR72,,THR72,THR72,THR72,THR72,THR72,THR72
THR92,,,,,,,,,,,,,,,,,,,,,,,,,,,,,,,,,,,,,,,,,,,,,,,,,,,,,,,,,,,,,,,,,,,,,,,,,,,,,,,,,,,,,,,,,,,,,,,,THR92,,,,,,,,,,,,,,,,,,,,,,,,,,,,,,,,,,,,,,,,,,,,,,,,,,,,,,,,,,,,,,,,,,,,,,,,,,,,,,,,,,,,
TYR39,,,,,,,,,,,,,,,,,,TYR39,,,,,,,,,,,,,,,,,,,,,,,,,,,,,,,,,,,,,,,,,,,,,,,,,,,,,,,,,,,,,,,,,,,,,,,,,,,,,,,,,,,,,,,,,,,,,,,,,,,,,,,,,,,,,,,,,,,,,,,,,,,,,,,,,,,,,,,,,,,,,,,,,,,,,,,,,,,,,,,,,,
VAL40,,,,,,,,,,,,,,,,,,VAL40,,,,,,,,,,,,,,,,,,,,,,,,,,,,,,,,,,,,,,,,,,,,,,,,,,,,,,,,,,,,,,,,,,,,,,,,,,,,,,,,,,,,,,,,,,,,,,,,,,,,,,,,,,,,,,,,,,,,,,,,,,,,,,,,,,,,,,,,,,,,,,,,,,,,,,,,,,,,,,,,,,
VAL48,,,,,,VAL48,,,,,,,,,,,,,,,,,,,,,,,VAL48,,,,,,,,,,,,,,,,,,,,,,,,,,,,,,,,,,,,VAL48,,,,,,,,,,,,,,,,,,,VAL48,,,,,,,,,,,,,,,,,,,,,,,,,,,,,,,,,,,,,,,,,,,,,,,,,,VAL48,,,,,,,VAL48,,,,,,,,,,,,,,,,,VAL48,,,,,,,,,,,,,,,,,,,,,,
VAL49,,,,,,VAL49,,,,,VAL49,,VAL49,,VAL49,VAL49,VAL49,,,VAL49,VAL49,VAL49,VAL49,,VAL49,VAL49,,VAL49,VAL49,VAL49,VAL49,,,VAL49,,,VAL49,VAL49,VAL49,VAL49,VAL49,VAL49,VAL49,,VAL49,VAL49,VAL49,VAL49,VAL49,,,VAL49,VAL49,VAL49,VAL49,,VAL49,VAL49,VAL49,VAL49,VAL49,VAL49,,VAL49,VAL49,,VAL49,VAL49,VAL49,,,,,,,,VAL49,VAL49,VAL49,,VAL49,VAL49,,VAL49,,,VAL49,,,,VAL49,,,,,,,,,,,VAL49,VAL49,VAL49,VAL49,VAL49,VAL49,VAL49,VAL49,VAL49,,,,,VAL49,,VAL49,,,VAL49,,VAL49,VAL49,VAL49,VAL49,VAL49,VAL49,VAL49,VAL49,VAL49,VAL49,,,VAL49,VAL49,VAL49,VAL49,VAL49,VAL49,VAL49,VAL49,VAL49,VAL49,VAL49,VAL49,VAL49,VAL49,,VAL49,VAL49,VAL49,VAL49,VAL49,VAL49,VAL49,,VAL49,VAL49,VAL49,VAL49,VAL49,,,,,VAL49,VAL49,VAL49,,,,,,VAL49,,,,,,
VAL66,,,,,,,,,,,VAL66,,VAL66,,VAL66,VAL66,VAL66,,,,VAL66,,VAL66,,VAL66,VAL66,,VAL66,,,,,,VAL66,,,VAL66,VAL66,,VAL66,VAL66,VAL66,VAL66,,,,,VAL66,VAL66,,VAL66,VAL66,VAL66,VAL66,VAL66,,VAL66,VAL66,VAL66,VAL66,VAL66,VAL66,,VAL66,,,VAL66,VAL66,VAL66,,,,,,,VAL66,VAL66,VAL66,VAL66,VAL66,VAL66,VAL66,,,,,VAL66,,,,,,,,,,,,,,,VAL66,,,VAL66,VAL66,VAL66,VAL66,VAL66,VAL66,,,,VAL66,VAL66,VAL66,VAL66,,,VAL66,,,VAL66,,VAL66,VAL66,,VAL66,VAL66,VAL66,,,VAL66,,VAL66,VAL66,,VAL66,VAL66,VAL66,,,VAL66,VAL66,VAL66,VAL66,VAL66,,VAL66,VAL66,VAL66,VAL66,,VAL66,VAL66,,,,VAL66,VAL66,VAL66,,,,VAL66,VAL66,VAL66,,,,,VAL66,,VAL66,,,VAL66,,,
VAL70,,,,,,,,,,,,,,VAL70,,,,,,,,,,VAL70,,,,,,,,,,,VAL70,,,,,,,,,,,,,,,VAL70,VAL70,,,,,VAL70,,,,,,,VAL70,,,VAL70,,,,VAL70,VAL70,VAL70,VAL70,VAL70,VAL70,VAL70,,,,VAL70,,,VAL70,,VAL70,VAL70,,VAL70,VAL70,VAL70,,VAL70,VAL70,VAL70,VAL70,,,,,,VAL70,,,,,,,,,,VAL70,,VAL70,VAL70,,VAL70,,VAL70,VAL70,,VAL70,,,,,,,,,,,VAL70,VAL70,,,,,,,,,,,,,,,VAL70,,,,,,,,VAL70,,,,,,VAL70,VAL70,VAL70,VAL70,,,,VAL70,VAL70,VAL70,VAL70,VAL70,,VAL70,,VAL70,VAL70,VAL70,VAL70
VAL71,,,,,,,,,,,,,,,,,,VAL71,,,,,,,,,,,,,,,,,,,,,,,,,,,,,,,,,,,,,,,,,,,,,,,,,,,,,,,,,,,,,,,,,,,,,,,,,,,,,,,,,,,,,,,,,,,,,,,,,,,,,,,,,,,,,,,,,,,,,,,,,,,,,,,,,,,,,,,,,,,,,,,,,,,,,,,,,,,,,,,,,,
VAL74,,,,,,,,,,,,,,,,,,VAL74,,,,,,,,,,,,,,,,,,,,,,,,,,,,,,,,,,,,,,,,,,,,,,,,,,,,,,,,,,,,,,,,,,,,,,,,,,,,,,,,,,,,,,,,,,,,,,,,,,,,,,,,,,,,,,,,,,,,,,,,,,,,,,,,,,,,,,,,,,,,,,,,,,,,,,,,,,,,,,,,,,
VAL95,,,,,,,,,,,,,,,,,,,,,,,,,,,,,,,,,,,,,,,,,,,,,,,,,,,,,,,,,,,,,,,,,,,,,,,,,,,,,,,,,,,,,,,,,,,,,,,,VAL95,,,,,,,,,,,,,,,,,,,,,,,,,,,,,,,,,,,,,,,,,,,,,,,,,,,,,,,,,,,,,,,,,,,,,,,,,,,,,,,,,,,,
