,Ligando: c1_outputlig_0C_tioT_out_0001,Ligando: c1_outputlig_0C_tioT_out_0002,Ligando: c1_outputlig_0C_tioT_out_0004,Ligando: c1_outputlig_0C_tioT_out_0005,Ligando: c1_outputlig_0C_tioT_out_0009,Ligando: c1_outputlig_0C_tioT_out_0010,Ligando: c1_outputlig_0C_tioT_out_0011,Ligando: c1_outputlig_0C_tioT_out_0012,Ligando: c1_outputlig_0C_tioT_out_0016,Ligando: c1_outputlig_0C_tioT_out_0017,Ligando: c1_outputlig_0C_tioT_out_0019,Ligando: c1_outputlig_0C_tioT_out_0020,Ligando: c1_outputlig_1S_palmitico_out_0001,Ligando: c1_outputlig_1S_palmitico_out_0002,Ligando: c1_outputlig_1S_palmitico_out_0003,Ligando: c1_outputlig_1S_palmitico_out_0004,Ligando: c1_outputlig_1S_palmitico_out_0005,Ligando: c1_outputlig_1S_palmitico_out_0006,Ligando: c1_outputlig_1S_palmitico_out_0007,Ligando: c1_outputlig_1S_palmitico_out_0008,Ligando: c1_outputlig_1S_palmitico_out_0009,Ligando: c1_outputlig_1S_palmitico_out_0010,Ligando: c1_outputlig_1S_palmitico_out_0011,Ligando: c1_outputlig_1S_palmitico_out_0012,Ligando: c1_outputlig_1S_palmitico_out_0013,Ligando: c1_outputlig_1S_palmitico_out_0015,Ligando: c1_outputlig_1S_palmitico_out_0016,Ligando: c1_outputlig_1S_palmitico_out_0017,Ligando: c1_outputlig_1S_palmitico_out_0018,Ligando: c1_outputlig_1S_palmitico_out_0019,Ligando: c1_outputlig_1S_palmitico_out_0020,Ligando: c1_outputlig_1S_palmitico_out_2_0002,Ligando: c1_outputlig_1S_palmitico_out_2_0003,Ligando: c1_outputlig_1S_palmitico_out_2_0005,Ligando: c1_outputlig_1S_palmitico_out_2_0006,Ligando: c1_outputlig_1S_palmitico_out_2_0007,Ligando: c1_outputlig_1S_palmitico_out_2_0008,Ligando: c1_outputlig_1S_palmitico_out_2_0009,Ligando: c1_outputlig_1S_palmitico_out_2_0010,Ligando: c1_outputlig_1S_palmitico_out_2_0011,Ligando: c1_outputlig_1S_palmitico_out_2_0012,Ligando: c1_outputlig_1S_palmitico_out_2_0013,Ligando: c1_outputlig_1S_palmitico_out_2_0014,Ligando: c1_outputlig_1S_palmitico_out_2_0015,Ligando: c1_outputlig_1S_palmitico_out_2_0016,Ligando: c1_outputlig_1S_palmitico_out_2_0017,Ligando: c1_outputlig_1S_palmitico_out_2_0018,Ligando: c1_outputlig_1S_palmitico_out_2_0019,Ligando: c1_outputlig_1S_palmitico_out_2_0020,Ligando: c1_outputlig_2M_oleico_out_0001,Ligando: c1_outputlig_2M_oleico_out_0002,Ligando: c1_outputlig_2M_oleico_out_0003,Ligando: c1_outputlig_2M_oleico_out_0004,Ligando: c1_outputlig_2M_oleico_out_0005,Ligando: c1_outputlig_2M_oleico_out_0006,Ligando: c1_outputlig_2M_oleico_out_0007,Ligando: c1_outputlig_2M_oleico_out_0008,Ligando: c1_outputlig_2M_oleico_out_0009,Ligando: c1_outputlig_2M_oleico_out_0010,Ligando: c1_outputlig_2M_oleico_out_0011,Ligando: c1_outputlig_2M_oleico_out_0012,Ligando: c1_outputlig_2M_oleico_out_0013,Ligando: c1_outputlig_2M_oleico_out_0014,Ligando: c1_outputlig_2M_oleico_out_0015,Ligando: c1_outputlig_2M_oleico_out_0016,Ligando: c1_outputlig_2M_oleico_out_0017,Ligando: c1_outputlig_2M_oleico_out_0018,Ligando: c1_outputlig_2M_oleico_out_0019,Ligando: c1_outputlig_2M_oleico_out_0020,Ligando: c1_outputlig_2M_oleico_out_2_0001,Ligando: c1_outputlig_2M_oleico_out_2_0002,Ligando: c1_outputlig_2M_oleico_out_2_0003,Ligando: c1_outputlig_2M_oleico_out_2_0004,Ligando: c1_outputlig_2M_oleico_out_2_0005,Ligando: c1_outputlig_2M_oleico_out_2_0006,Ligando: c1_outputlig_2M_oleico_out_2_0007,Ligando: c1_outputlig_2M_oleico_out_2_0008,Ligando: c1_outputlig_2M_oleico_out_2_0009,Ligando: c1_outputlig_2M_oleico_out_2_0011,Ligando: c1_outputlig_2M_oleico_out_2_0012,Ligando: c1_outputlig_2M_oleico_out_2_0013,Ligando: c1_outputlig_2M_oleico_out_2_0014,Ligando: c1_outputlig_2M_oleico_out_2_0015,Ligando: c1_outputlig_2M_oleico_out_2_0016,Ligando: c1_outputlig_2M_oleico_out_2_0017,Ligando: c1_outputlig_2M_oleico_out_2_0018,Ligando: c1_outputlig_2M_oleico_out_2_0019,Ligando: c1_outputlig_2M_oleico_out_2_0020,Ligando: c1_outputlig_3P_araquidonico_out_0001,Ligando: c1_outputlig_3P_araquidonico_out_0002,Ligando: c1_outputlig_3P_araquidonico_out_0003,Ligando: c1_outputlig_3P_araquidonico_out_0004,Ligando: c1_outputlig_3P_araquidonico_out_0005,Ligando: c1_outputlig_3P_araquidonico_out_0006,Ligando: c1_outputlig_3P_araquidonico_out_0007,Ligando: c1_outputlig_3P_araquidonico_out_0008,Ligando: c1_outputlig_3P_araquidonico_out_0009,Ligando: c1_outputlig_3P_araquidonico_out_0010,Ligando: c1_outputlig_3P_araquidonico_out_0011,Ligando: c1_outputlig_3P_araquidonico_out_0012,Ligando: c1_outputlig_3P_araquidonico_out_0013,Ligando: c1_outputlig_3P_araquidonico_out_0014,Ligando: c1_outputlig_3P_araquidonico_out_0015,Ligando: c1_outputlig_3P_araquidonico_out_0016,Ligando: c1_outputlig_3P_araquidonico_out_0017,Ligando: c1_outputlig_3P_araquidonico_out_0018,Ligando: c1_outputlig_3P_araquidonico_out_0019,Ligando: c1_outputlig_3P_araquidonico_out_0020,Ligando: c1_outputlig_3P_araquidonico_out_2_0001,Ligando: c1_outputlig_3P_araquidonico_out_2_0002,Ligando: c1_outputlig_3P_araquidonico_out_2_0003,Ligando: c1_outputlig_3P_araquidonico_out_2_0005,Ligando: c1_outputlig_3P_araquidonico_out_2_0006,Ligando: c1_outputlig_3P_araquidonico_out_2_0007,Ligando: c1_outputlig_3P_araquidonico_out_2_0008,Ligando: c1_outputlig_3P_araquidonico_out_2_0009,Ligando: c1_outputlig_3P_araquidonico_out_2_0010,Ligando: c1_outputlig_3P_araquidonico_out_2_0011,Ligando: c1_outputlig_3P_araquidonico_out_2_0012,Ligando: c1_outputlig_3P_araquidonico_out_2_0013,Ligando: c1_outputlig_3P_araquidonico_out_2_0014,Ligando: c1_outputlig_3P_araquidonico_out_2_0015,Ligando: c1_outputlig_3P_araquidonico_out_2_0016,Ligando: c1_outputlig_3P_araquidonico_out_2_0017,Ligando: c1_outputlig_3P_araquidonico_out_2_0018,Ligando: c1_outputlig_3P_araquidonico_out_2_0019,Ligando: c1_outputlig_3P_araquidonico_out_2_0020,Ligando: c1_outputlig_3P_doco_out_0001,Ligando: c1_outputlig_3P_doco_out_0002,Ligando: c1_outputlig_3P_doco_out_0003,Ligando: c1_outputlig_3P_doco_out_0004,Ligando: c1_outputlig_3P_doco_out_0005,Ligando: c1_outputlig_3P_doco_out_0006,Ligando: c1_outputlig_3P_doco_out_0007,Ligando: c1_outputlig_3P_doco_out_0008,Ligando: c1_outputlig_3P_doco_out_0009,Ligando: c1_outputlig_3P_doco_out_0010,Ligando: c1_outputlig_3P_doco_out_0011,Ligando: c1_outputlig_3P_doco_out_0012,Ligando: c1_outputlig_3P_doco_out_0013,Ligando: c1_outputlig_3P_doco_out_0014,Ligando: c1_outputlig_3P_doco_out_0015,Ligando: c1_outputlig_3P_doco_out_0016,Ligando: c1_outputlig_3P_doco_out_0017,Ligando: c1_outputlig_3P_doco_out_0018,Ligando: c1_outputlig_3P_doco_out_0019,Ligando: c1_outputlig_3P_doco_out_0020,Ligando: c1_outputlig_3P_doco_out_2_0001,Ligando: c1_outputlig_3P_doco_out_2_0002,Ligando: c1_outputlig_3P_doco_out_2_0003,Ligando: c1_outputlig_3P_doco_out_2_0004,Ligando: c1_outputlig_3P_doco_out_2_0005,Ligando: c1_outputlig_3P_doco_out_2_0006,Ligando: c1_outputlig_3P_doco_out_2_0007,Ligando: c1_outputlig_3P_doco_out_2_0008,Ligando: c1_outputlig_3P_doco_out_2_0009,Ligando: c1_outputlig_3P_doco_out_2_0010,Ligando: c1_outputlig_3P_doco_out_2_0011,Ligando: c1_outputlig_3P_doco_out_2_0012,Ligando: c1_outputlig_3P_doco_out_2_0013,Ligando: c1_outputlig_3P_doco_out_2_0014,Ligando: c1_outputlig_3P_doco_out_2_0015,Ligando: c1_outputlig_3P_doco_out_2_0016,Ligando: c1_outputlig_3P_doco_out_2_0017,Ligando: c1_outputlig_3P_doco_out_2_0018,Ligando: c1_outputlig_3P_doco_out_2_0019,Ligando: c1_outputlig_3P_doco_out_2_0020
ALA85,,,,,,,,,,,,,,,,,,,,,,,,,,,,,,,,,,,,,,,,,,,,,,,,,,,,,,,,,,,,,,,,,,,,,,,,,,,,,,,,,,,,,,,,,ALA85,,,,,,,,,,,,,,,,,,,,,,,,,,,,,,,,,,,,,,,,,,,,,,,,,,,,,,,,,,,,,,,,,,,,,,,,,,,,,,
ASN65,,,,,,,,,,,,,,,,,,,,,,,,,,,,,,,,,,,,,,,,,,,,,,,,,,,,,,,,,,,,,,,,,,ASN65,,,,,,,,,,,,,,,,,,,,,,,,,,,,,,,,,,,,,,,,,,,,,,,,,,,,,,,,,,,,,,,,,,,,,,,,,,,,,,,,,,,,,,,,,,,,,,,,,,,,,
GLN62,,,,,,,,,,,,,,,,,,GLN62,GLN62,GLN62,,,,GLN62,,,,,,,,GLN62,GLN62,,,GLN62,,,,,,,,,,,,,,GLN62,GLN62,,GLN62,,,,,,,,,,,,,GLN62,,,,,,,,GLN62,,,,,,,,,,,,,,,,,,,,,,,,,,,,,,,,,,,,,,,,,,,,,,,,,,,,,,,,,,,,,GLN62,,,,,,,,,,,,,,,,,,,,,,,,,,,,,,,,
GLN79,GLN79,,,,,,,,,,,,GLN79,GLN79,GLN79,GLN79,GLN79,,,,,GLN79,GLN79,,GLN79,,,,,,,,,,,,,,,,,,,,,,,,,,,,,,,,,,,,,,,,,,,,,GLN79,GLN79,GLN79,GLN79,,,,,,,,,,,,,,,,GLN79,GLN79,,,,,,,,,,,,,,,,,,,GLN79,GLN79,,,,,,,,,,,,,,,,,,,,,,,,,,,,,,,,,,,,,,GLN79,,,,,,,,,,,,,,,,,,,
GLU46,,,,,,,,,,,,,,,,,,GLU46,GLU46,GLU46,,,,GLU46,,,,,,,,GLU46,GLU46,,,GLU46,,,,,,,,,,,,,,GLU46,GLU46,,GLU46,,,,,,,,,,,,,GLU46,,,,,,,,GLU46,,,,,,,,,,,,,,,,,,,,,,,,,,,,,,,,,,,,,,,,,,,,,,,,,,,,,,,,,,,,,GLU46,,,,,,,,,,,,,,,,,,,,,,,,,,,,,,,,
GLY41,,GLY41,GLY41,GLY41,GLY41,GLY41,GLY41,GLY41,GLY41,GLY41,GLY41,GLY41,,,,,,,,,GLY41,,,,,GLY41,GLY41,GLY41,GLY41,GLY41,GLY41,,,GLY41,GLY41,,GLY41,GLY41,GLY41,GLY41,GLY41,GLY41,GLY41,GLY41,GLY41,GLY41,GLY41,GLY41,GLY41,,,GLY41,,GLY41,GLY41,GLY41,GLY41,GLY41,GLY41,GLY41,GLY41,GLY41,GLY41,GLY41,GLY41,,GLY41,GLY41,GLY41,,,,,,GLY41,GLY41,GLY41,GLY41,GLY41,GLY41,GLY41,GLY41,GLY41,GLY41,GLY41,GLY41,GLY41,GLY41,,,GLY41,GLY41,GLY41,GLY41,GLY41,GLY41,GLY41,GLY41,GLY41,GLY41,GLY41,GLY41,GLY41,GLY41,GLY41,GLY41,GLY41,GLY41,,,GLY41,GLY41,GLY41,GLY41,GLY41,GLY41,GLY41,GLY41,GLY41,GLY41,GLY41,GLY41,GLY41,GLY41,GLY41,GLY41,GLY41,GLY41,GLY41,GLY41,GLY41,GLY41,GLY41,GLY41,,GLY41,GLY41,GLY41,GLY41,GLY41,GLY41,GLY41,GLY41,GLY41,GLY41,GLY41,GLY41,,GLY41,GLY41,GLY41,GLY41,GLY41,GLY41,GLY41,GLY41,GLY41,GLY41,,GLY41,GLY41,GLY41,GLY41,GLY41,GLY41,GLY41,GLY41
GLY67,,,,,,,,,,,,,,,,,,,,,,,,,,,,,,,,,,,,,,,,,,,,,,,,,,,,,,,,,,,,,,,,,,GLY67,,,,,,,,,,,,,,,,,,,,,,,,,,,,,,,,,,,,,,,,,,,,,,,,,,,,,,,,,,,,,,,,,,,,,,,,,,,,,,,,,,,,,,,,,,,,,,,,,,,,,
GLY84,,,,,,,,,,,,,,,,,,,,,,,,,,,,,,,,,,,,,,,,,,,,,,,,,,,,,,,,,,,,,,,,,,,,,,,,,,,,,,,,,,,,,,,,,,,,,,,,,,,,,,,,,,,,,,,,,,,,,,,,,,,,,,,,,,,,,,,,,,,,,,,,,,,,GLY84,,,,,,,,,,,,,,,,,,,
GLY86,GLY86,,,,,,,,,,,,GLY86,GLY86,GLY86,GLY86,GLY86,,,,,GLY86,GLY86,,GLY86,,,,,,,,,,,,,,,,,,,,,,,,,,,,,,,,,,,,,,,,,,,,,GLY86,GLY86,GLY86,GLY86,,,,,,,,,,,,,,,,GLY86,GLY86,,,,,,,,,,,,,,,,,,,GLY86,GLY86,,,,,,,,,,,,,,,,,,,,,,,,,,,,,,,,,,,,,,GLY86,,,,,,,,,,,,,,,,,,,
HIS50,,,,,,,,,,,,,,,,,,HIS50,HIS50,HIS50,,,,HIS50,,,,,,,,HIS50,HIS50,,,HIS50,,,,,,,,,,,,,,HIS50,HIS50,,HIS50,,,,,,,,,,,,,HIS50,,,,,,,,HIS50,,,,,,,,,,,,,,,,,,,,,,,,,,,,,,,,,,,,,,,,,,,,,,,,,,,,,,,,,,,,,HIS50,,,,,,,,,,,,,,,,,,,,,,,,,,,,,,,,
ILE88,ILE88,,,,,,,,,,,,ILE88,ILE88,ILE88,ILE88,ILE88,,,,,ILE88,ILE88,,ILE88,,,,,,,,,,,,,,,,,,,,,,,,,,,,,,,,,,,,,,,,,,,,,ILE88,ILE88,ILE88,ILE88,,,,,,,,,,,,,,,,ILE88,ILE88,,,,,,,,,,,,,,,,,,,ILE88,ILE88,,,,,,,,,,,,,,,,,,,,,,,,,,,,,,,,,,,,,,ILE88,,,,,,,,,,,,,,,,,,,
LYS32,,,,,,,,,,,,,,,,,,,,,,,,,,LYS32,LYS32,LYS32,,LYS32,,,,,LYS32,,LYS32,,,LYS32,,,,LYS32,LYS32,LYS32,LYS32,LYS32,,,,LYS32,,,LYS32,LYS32,LYS32,,LYS32,,LYS32,,LYS32,LYS32,LYS32,,LYS32,,LYS32,,,,,,LYS32,,,,,,,LYS32,,LYS32,LYS32,LYS32,,,,,,LYS32,,LYS32,LYS32,LYS32,LYS32,LYS32,LYS32,,LYS32,LYS32,LYS32,LYS32,,,LYS32,LYS32,,,,LYS32,,,,LYS32,LYS32,LYS32,LYS32,LYS32,LYS32,,,,LYS32,LYS32,,,LYS32,LYS32,LYS32,,LYS32,LYS32,,LYS32,LYS32,,,LYS32,LYS32,LYS32,LYS32,LYS32,LYS32,LYS32,LYS32,,,,LYS32,,LYS32,LYS32,LYS32,LYS32,,,LYS32,LYS32,LYS32,LYS32,LYS32,LYS32,LYS32,,LYS32
LYS34,,,,,,,,,,,,,,,,,,,,,,,,,,LYS34,LYS34,LYS34,,LYS34,,,,,LYS34,,LYS34,,,LYS34,,,,LYS34,LYS34,LYS34,LYS34,LYS34,LYS34,,,LYS34,,,LYS34,LYS34,LYS34,,LYS34,,LYS34,,LYS34,LYS34,LYS34,,LYS34,LYS34,LYS34,,,,,,LYS34,,,,,,LYS34,LYS34,,LYS34,LYS34,LYS34,LYS34,LYS34,,,LYS34,LYS34,LYS34,LYS34,LYS34,LYS34,LYS34,LYS34,LYS34,,LYS34,LYS34,LYS34,LYS34,,,LYS34,LYS34,,,LYS34,LYS34,,,LYS34,LYS34,LYS34,LYS34,LYS34,LYS34,LYS34,LYS34,,LYS34,LYS34,,,LYS34,LYS34,LYS34,LYS34,LYS34,LYS34,LYS34,,LYS34,LYS34,,,LYS34,LYS34,,LYS34,LYS34,LYS34,LYS34,LYS34,,LYS34,LYS34,LYS34,LYS34,LYS34,LYS34,LYS34,LYS34,,,LYS34,LYS34,LYS34,LYS34,LYS34,LYS34,LYS34,LYS34,LYS34
LYS43,,LYS43,LYS43,LYS43,LYS43,LYS43,LYS43,LYS43,LYS43,LYS43,LYS43,LYS43,,,,,,,,,LYS43,,,,,LYS43,LYS43,LYS43,LYS43,LYS43,LYS43,,,LYS43,LYS43,,LYS43,LYS43,LYS43,LYS43,LYS43,LYS43,LYS43,LYS43,LYS43,LYS43,LYS43,LYS43,LYS43,,,LYS43,,LYS43,LYS43,LYS43,LYS43,LYS43,LYS43,LYS43,LYS43,LYS43,LYS43,LYS43,LYS43,,LYS43,LYS43,LYS43,,,,,,LYS43,LYS43,LYS43,LYS43,LYS43,LYS43,LYS43,LYS43,LYS43,LYS43,LYS43,LYS43,LYS43,LYS43,,,LYS43,LYS43,LYS43,LYS43,LYS43,LYS43,LYS43,LYS43,LYS43,LYS43,LYS43,LYS43,LYS43,LYS43,LYS43,LYS43,LYS43,LYS43,,,LYS43,LYS43,LYS43,LYS43,LYS43,LYS43,LYS43,LYS43,LYS43,LYS43,LYS43,LYS43,LYS43,LYS43,LYS43,LYS43,LYS43,LYS43,LYS43,LYS43,LYS43,LYS43,LYS43,LYS43,,LYS43,LYS43,LYS43,LYS43,LYS43,LYS43,LYS43,LYS43,LYS43,LYS43,LYS43,LYS43,,LYS43,LYS43,LYS43,LYS43,LYS43,LYS43,LYS43,LYS43,LYS43,LYS43,LYS43,LYS43,LYS43,LYS43,LYS43,LYS43,LYS43,LYS43,LYS43
LYS80,LYS80,,,,,,,,,,,,,LYS80,,,LYS80,,,,,,,,,,,,,,,,,,,,,,,,,,,,,,,,,,,,,,,,,,,,,,,,,,,,,,,,LYS80,,,,,,,,,,,,,,,,,,,,,,,,,,,,,,,,,,,,LYS80,LYS80,,,,,,,,,,,,,,,,,,,,,,,,,,,,,,,,,,,,,,LYS80,,,,,,,,,,,,,,,,,,,
SER42,,SER42,SER42,SER42,SER42,SER42,SER42,SER42,SER42,SER42,SER42,SER42,,,,,,,,,SER42,,,,,SER42,SER42,SER42,SER42,SER42,SER42,,,SER42,SER42,,SER42,SER42,SER42,SER42,SER42,SER42,SER42,SER42,SER42,SER42,SER42,SER42,SER42,,,SER42,,SER42,SER42,SER42,SER42,SER42,SER42,SER42,SER42,SER42,SER42,SER42,SER42,,SER42,SER42,SER42,,,,,,SER42,SER42,SER42,SER42,SER42,SER42,SER42,SER42,SER42,SER42,SER42,SER42,SER42,SER42,,,SER42,SER42,SER42,SER42,SER42,SER42,SER42,SER42,SER42,SER42,SER42,SER42,SER42,SER42,SER42,SER42,SER42,SER42,,,SER42,SER42,SER42,SER42,SER42,SER42,SER42,SER42,SER42,SER42,SER42,SER42,SER42,SER42,SER42,SER42,SER42,SER42,SER42,SER42,SER42,SER42,SER42,SER42,,SER42,SER42,SER42,SER42,SER42,SER42,SER42,SER42,SER42,SER42,SER42,,,SER42,SER42,SER42,SER42,SER42,SER42,SER42,SER42,SER42,SER42,,SER42,SER42,SER42,SER42,SER42,SER42,SER42,SER42
SER87,SER87,,,,,,,,,,,,SER87,SER87,SER87,SER87,SER87,,,,,SER87,SER87,,SER87,,,,,,,,,,,,,,,,,,,,,,,,,,,,,,,,,,,,,,,,,,,,,SER87,SER87,SER87,SER87,,,,,,,,,,,,,,,,SER87,SER87,,,,,,,,,,,,,,,,,,,SER87,SER87,,,,,,,,,,,,,,,,,,,,,,,,,,,,,,,,,,,,,,SER87,,,,,,,,,,,,,,,,,,,
THR64,,,,,,,,,,,,,,,,,,THR64,THR64,THR64,,,,THR64,,,,,,,,THR64,THR64,,,THR64,,,,,,,,,,,,,,THR64,THR64,,THR64,,,,,,,,,,,,,THR64,,,,,,,,THR64,,,,,,,,,,,,,,,,,,,,,,,,,,,,,,,,,,,,,,,,,,,,,,,,,,,,,,,,,,,,,THR64,,,,,,,,,,,,,,,,,,,,,,,,,,,,,,,,
TYR39,,TYR39,TYR39,TYR39,TYR39,TYR39,TYR39,TYR39,TYR39,TYR39,TYR39,TYR39,,,,,,,,,TYR39,,,,,TYR39,TYR39,TYR39,TYR39,TYR39,TYR39,,,TYR39,TYR39,,TYR39,TYR39,TYR39,TYR39,TYR39,TYR39,TYR39,TYR39,TYR39,TYR39,TYR39,TYR39,TYR39,,,TYR39,,TYR39,TYR39,TYR39,TYR39,TYR39,TYR39,TYR39,TYR39,TYR39,TYR39,TYR39,TYR39,,TYR39,TYR39,TYR39,,,,,,TYR39,TYR39,TYR39,TYR39,TYR39,TYR39,TYR39,TYR39,TYR39,TYR39,TYR39,TYR39,TYR39,TYR39,,,TYR39,TYR39,TYR39,TYR39,TYR39,TYR39,TYR39,TYR39,TYR39,TYR39,TYR39,TYR39,TYR39,TYR39,TYR39,TYR39,TYR39,TYR39,,,TYR39,TYR39,TYR39,TYR39,TYR39,TYR39,TYR39,TYR39,TYR39,TYR39,TYR39,TYR39,TYR39,TYR39,TYR39,TYR39,TYR39,TYR39,TYR39,TYR39,TYR39,TYR39,TYR39,TYR39,,TYR39,TYR39,TYR39,TYR39,TYR39,TYR39,TYR39,TYR39,TYR39,TYR39,TYR39,TYR39,,TYR39,TYR39,TYR39,TYR39,TYR39,TYR39,TYR39,TYR39,TYR39,TYR39,TYR39,TYR39,TYR39,TYR39,TYR39,TYR39,TYR39,TYR39,TYR39
VAL40,,,,,,,,,,,,VAL40,,,,,,,,,,,,,,,,,,,,,,VAL40,,,,,,,,,,,,,,,,,,,,,,,,,,,,,,,,,,,,,,,,,,,,,,,,,,,,,,,,,,,,,,,,,,,,,,,,VAL40,,,,,,,,,,,,,,,,,,,,,,,,,,,,,,,,,VAL40,,,VAL40,,,,,,,,,,,,,,,,,,,,,,,,,
VAL49,,,,,,,,,,,,,,,,,,VAL49,VAL49,VAL49,,,,VAL49,,,,,,,,VAL49,VAL49,,,VAL49,,,,,,,,,,,,,,VAL49,VAL49,,VAL49,,,,,,,,,,,,,VAL49,,,,,,,,VAL49,,,,,,,,,,,,,,,,,,,,,,,,,,,,,,,,,,,,,,,,,,,,,,,,,,,,,,,,,,,,,VAL49,,,,,,,,,,,,,,,,,,,,,,,,,,,,,,,,
VAL63,,,,,,,,,,,,,,,,,,,,,,,,,,,,,,,,,,,,VAL63,,,,,,,,,,,,,,,,,VAL63,,,,,,,,,,,,,,,,,,,,,,,,,,,,,,,,,,,,,,,,,,,,,,,,,,,,,,,,,,,,,,,,,,,,,,,,,,,,,,,,,,VAL63,,,,,,,,,,,,,,,,,,,,,,,,,,,,,,,,
VAL66,,,,,,,,,,,,,,,,,,VAL66,VAL66,VAL66,,,,VAL66,,,,,,,,VAL66,VAL66,,,VAL66,,,,,,,,,,,,,,VAL66,VAL66,,VAL66,,,,,,,,,,,,,VAL66,,,,,,,,VAL66,,,,,,,,,,,,,,,,,,,,,,,,,,,,,,,,,,,,,,,,,,,,,,,,,,,,,,,,,,,,,VAL66,,,,,,,,,,,,,,,,,,,,,,,,,,,,,,,,
VAL82,VAL82,,,,,,,,,,,,VAL82,VAL82,VAL82,VAL82,VAL82,,,,,VAL82,VAL82,,VAL82,,,,,,,,,,,,,,,,,,,,,,,,,,,,,,,,,,,,,,,,,,,,,VAL82,VAL82,VAL82,VAL82,,,,,,,,,,,,,,,,VAL82,VAL82,,,,,,,,,,,,,,,,,,,VAL82,VAL82,,,,,,,,,,,,,,,,,,,,,,,,,,,,,,,,,,,,,,VAL82,,,,,,,,,,,,,,,,,,,
