,Araquidonico_01,Araquidonico_02,Araquidonico_03,Araquidonico_04,Araquidonico_05,Araquidonico_06,Araquidonico_07,Araquidonico_08,Araquidonico_09,Araquidonico_10,Araquidonico_11,Araquidonico_12,Araquidonico_13,Araquidonico_14,Araquidonico_15,Araquidonico_16,Araquidonico_17,Araquidonico_18,Araquidonico_19,Araquidonico_20,Araquidonico_21,Araquidonico_22,Araquidonico_23,Araquidonico_24,Araquidonico_25,Araquidonico_26,Araquidonico_27,Araquidonico_28,Araquidonico_29,Araquidonico_30,Araquidonico_31,Araquidonico_32,Araquidonico_33,Araquidonico_34,Araquidonico_35,Araquidonico_36,Araquidonico_37,Araquidonico_38,Araquidonico_39,Araquidonico_40
ALA30,1,0,1,0,0,0,1,1,1,1,0,0,0,0,0,0,0,1,0,0,0,0,0,0,1,0,0,0,1,0,0,0,0,0,0,0,0,0,1,0
ALA76,0,0,0,0,1,0,0,0,0,0,0,0,0,0,0,0,0,0,0,0,0,0,0,0,0,0,1,0,0,0,0,0,0,0,0,0,0,0,0,0
ALA90,0,0,0,0,1,0,0,0,0,0,0,0,0,0,0,0,0,0,0,0,0,0,0,0,0,0,1,0,0,0,0,0,0,0,0,0,0,0,0,0
ALA91,0,0,0,0,0,0,0,0,0,0,0,0,0,0,0,0,0,0,0,0,0,0,0,0,0,0,1,0,0,0,0,0,0,0,0,0,0,0,0,0
GLU35,1,1,1,1,0,1,1,1,1,1,1,1,1,1,0,0,1,1,0,0,1,1,1,0,1,1,0,1,1,0,1,1,1,0,1,0,0,0,1,0
GLY41,0,0,0,0,0,0,0,0,0,0,0,1,0,0,1,1,1,0,1,1,0,0,0,1,0,0,0,1,0,1,0,1,0,1,1,1,1,1,0,1
LEU38,0,0,0,0,0,0,0,0,0,0,0,0,0,0,0,0,0,0,0,0,0,0,0,0,0,0,0,0,0,0,1,0,0,0,0,0,0,0,0,0
LYS32,1,1,1,1,0,1,1,1,1,1,1,1,1,1,0,0,1,1,0,0,1,1,1,0,1,1,0,1,1,0,1,1,1,0,1,0,0,0,1,0
LYS43,0,0,0,0,0,0,0,0,0,0,0,1,0,0,1,1,1,0,1,1,0,0,0,1,0,0,0,1,0,1,0,0,0,1,0,1,1,1,0,1
SER42,0,0,0,0,0,0,0,0,0,0,0,1,0,0,1,1,1,0,1,1,0,0,0,1,0,0,0,1,0,1,0,1,0,1,1,1,1,1,0,1
THR75,0,0,0,0,1,0,0,0,0,0,0,0,0,0,0,0,0,0,0,0,0,0,0,0,0,0,1,0,0,0,0,0,0,0,0,0,0,0,0,0
THR92,0,0,0,0,1,0,0,0,0,0,0,0,0,0,0,0,0,0,0,0,0,0,0,0,0,0,1,0,0,0,0,0,0,0,0,0,0,0,0,0
TYR39,1,1,1,1,0,1,1,1,1,1,1,1,1,1,1,1,1,1,1,1,1,1,1,1,1,1,0,1,1,1,1,1,1,1,1,1,1,1,1,1
VAL37,1,1,1,1,0,1,1,1,1,1,1,1,1,1,0,0,1,1,0,0,1,1,1,0,1,1,0,1,1,0,1,1,1,0,1,0,0,0,1,0
VAL77,0,0,0,0,1,0,0,0,0,0,0,0,0,0,0,0,0,0,0,0,0,0,0,0,0,0,1,0,0,0,0,0,0,0,0,0,0,0,0,0
