,Oleico_01,Oleico_02,Oleico_04,Oleico_06,Oleico_07,Oleico_08,Oleico_09,Oleico_10,Oleico_11,Oleico_12,Oleico_13,Oleico_14,Oleico_15,Oleico_16,Oleico_17,Oleico_18,Oleico_19,Oleico_20,Oleico_21,Oleico_22,Oleico_23,Oleico_24,Oleico_25,Oleico_26,Oleico_27,Oleico_28,Oleico_29,Oleico_30,Oleico_31,Oleico_32,Oleico_33,Oleico_34,Oleico_35,Oleico_36,Oleico_37,Oleico_38,Oleico_39,Oleico_40
ALA30,0,0,0,0,0,0,1,1,0,0,0,0,0,0,0,0,0,0,0,0,0,0,0,0,0,0,0,0,0,0,0,0,0,1,0,1,0,0
ALA76,1,0,0,0,0,1,0,0,0,0,1,0,0,0,0,0,0,0,0,0,1,0,0,0,0,1,0,0,0,0,0,0,0,0,0,0,0,0
ALA89,0,0,0,0,0,0,0,0,0,0,1,0,0,0,0,0,0,0,0,0,0,0,0,0,0,0,0,0,0,0,0,0,0,0,0,0,0,0
ALA90,1,0,0,0,0,1,0,0,0,0,1,0,0,0,0,0,0,0,0,0,1,0,0,0,0,1,0,0,0,0,0,0,0,0,0,0,0,0
GLU35,0,1,1,1,1,0,1,1,1,1,0,1,0,1,1,0,1,1,1,1,0,1,1,1,1,0,1,1,1,1,1,1,1,1,1,1,1,0
GLY41,0,0,0,0,0,0,0,0,0,1,0,0,1,1,0,1,0,0,0,0,0,0,0,0,0,0,0,0,0,0,0,0,0,0,0,0,0,1
ILE88,0,0,0,0,0,0,0,0,0,0,1,0,0,0,0,0,0,0,0,0,0,0,0,0,0,0,0,0,0,0,0,0,0,0,0,0,0,0
LYS32,0,1,1,1,1,0,1,1,1,1,0,1,0,1,1,0,1,1,1,1,0,1,1,1,1,0,1,1,1,1,1,1,1,1,1,1,1,0
LYS43,0,0,0,0,0,0,0,0,0,1,0,0,1,0,0,1,0,0,0,0,0,0,0,0,0,0,0,0,0,0,0,0,0,0,0,0,0,1
SER42,0,0,0,0,0,0,0,0,0,1,0,0,1,1,0,1,0,0,0,0,0,0,0,0,0,0,0,0,0,0,0,0,0,0,0,0,0,1
THR75,1,0,0,0,0,1,0,0,0,0,1,0,0,0,0,0,0,0,0,0,1,0,0,0,0,1,0,0,0,0,0,0,0,0,0,0,0,0
THR92,1,0,0,0,0,1,0,0,0,0,1,0,0,0,0,0,0,0,0,0,1,0,0,0,0,1,0,0,0,0,0,0,0,0,0,0,0,0
TYR39,0,1,1,1,1,0,1,1,1,1,0,1,1,1,1,1,1,1,1,1,0,1,1,1,1,0,1,1,1,1,1,1,1,1,1,1,1,1
VAL37,0,1,1,1,1,0,1,1,1,1,0,1,0,1,1,0,1,1,1,1,0,1,1,1,1,0,1,1,1,1,1,1,1,1,1,1,1,0
VAL77,1,0,0,0,0,1,0,0,0,0,1,0,0,0,0,0,0,0,0,0,1,0,0,0,0,1,0,0,0,0,0,0,0,0,0,0,0,0
Sitio de uni√≥n,Tunel1,Surco1,Surco1,Surco1,Surco1,Tunel1,Surco1,Surco1,Surco1,Surco1,Tunel1,Surco1,Surco2,Surco1,Surco1,Surco2,Surco1,Surco1,Surco1,Surco1,Tunel1,Surco1,Surco1,Surco1,Surco1,Tunel1,Surco1,Surco1,Surco1,Surco1,Surco1,Surco1,Surco1,Surco1,Surco1,Surco1,Surco1,Surco2
