,DHA_01,DHA_02,DHA_03,DHA_04,DHA_05,DHA_06,DHA_07,DHA_08,DHA_09,DHA_10,DHA_11,DHA_12,DHA_13,DHA_14,DHA_15,DHA_16,DHA_17,DHA_18,DHA_19,DHA_20,DHA_21,DHA_22,DHA_23,DHA_24,DHA_25,DHA_26,DHA_27,DHA_28,DHA_29,DHA_30,DHA_31,DHA_32,DHA_33,DHA_34,DHA_35,DHA_36,DHA_37,DHA_38,DHA_39,DHA_40
ALA30,0,1,0,0,0,0,0,0,0,0,0,0,0,0,0,0,0,0,0,0,1,0,0,1,0,1,0,0,1,0,0,0,0,0,0,0,0,0,0,0
GLN79,1,0,0,0,0,0,0,0,0,0,0,0,0,0,0,0,0,0,0,0,0,0,0,0,0,0,0,0,0,0,0,0,0,0,0,0,0,0,0,0
GLU35,0,1,0,1,1,0,0,0,1,1,1,1,0,1,0,0,1,0,0,1,1,1,1,1,0,1,1,1,1,1,1,1,1,0,1,0,1,0,0,1
GLY41,0,0,1,1,0,1,1,1,0,1,0,1,1,1,1,1,1,1,1,1,0,0,1,0,1,0,1,0,0,1,1,1,1,1,0,1,0,1,1,1
GLY86,1,0,0,0,0,0,0,0,0,0,0,0,0,0,0,0,0,0,0,0,0,0,0,0,0,0,0,0,0,0,0,0,0,0,0,0,0,0,0,0
ILE88,1,0,0,0,0,0,0,0,0,0,0,0,0,0,0,0,0,0,0,0,0,0,0,0,0,0,0,0,0,0,0,0,0,0,0,0,0,0,0,0
LYS32,0,1,0,1,1,0,0,0,1,1,1,1,0,1,0,0,1,0,0,1,1,1,1,1,0,1,1,1,1,1,1,1,1,0,1,0,1,0,0,1
LYS43,0,0,1,1,1,1,1,1,1,1,0,1,1,1,1,1,1,1,1,1,0,0,0,0,1,0,0,0,0,0,1,1,1,1,0,1,0,1,1,1
SER42,0,0,1,1,1,1,1,1,1,1,0,1,1,1,1,1,1,1,1,1,0,0,1,0,1,0,1,0,0,1,1,1,1,1,0,1,0,1,1,1
SER87,1,0,0,0,0,0,0,0,0,0,0,0,0,0,0,0,0,0,0,0,0,0,0,0,0,0,0,0,0,0,0,0,0,0,0,0,0,0,0,0
TYR39,0,1,1,1,1,1,1,1,1,1,1,1,1,1,1,1,1,1,1,1,1,1,1,1,1,1,1,1,1,1,1,1,1,1,1,1,1,1,1,1
VAL37,0,1,0,1,1,0,0,0,1,1,1,1,0,1,0,0,0,0,0,1,1,1,1,1,0,1,1,1,1,1,1,1,1,0,1,0,1,0,0,1
VAL82,1,0,0,0,0,0,0,0,0,0,0,0,0,0,0,0,0,0,0,0,0,0,0,0,0,0,0,0,0,0,0,0,0,0,0,0,0,0,0,0
Sitio de uni√≥n,Tunel2,Surco1,Surco2,Surco1,Surco1,Surco2,Surco2,Surco2,Surco1,Surco1,Surco1,Surco1,Surco2,Surco1,Surco2,Surco2,Surco1,Surco2,Surco2,Surco1,Surco1,Surco1,Surco1,Surco1,Surco2,Surco1,Surco1,Surco1,Surco1,Surco1,Surco1,Surco1,Surco1,Surco2,Surco1,Surco2,Surco1,Surco2,Surco2,Surco1
